timestamp,mode,sharpe,max_drawdown,annual_return,turnover,score,benchmark_sharpe,excess_sharpe,dev_sharpe,holdback_sharpe,holdback_excess,holdback_gate_pass,description
2026-04-07 15:38:43,in_sample,1.0723,-0.2118,0.1635,0.47,0.9636,1.1538,-0.0815,,,,,"baseline: 12-1 momentum + SPY 200d regime, equal weight"
2026-04-07 15:39:52,in_sample,0.8221,-0.1837,0.0962,0.4974,0.7234,1.1538,-0.3317,,,,,HYPOTHESIS: 1. CHANGE: risk-adjusted momentum (ret/vol) + top 20%. WHY: Barroso & Santa-Clara 2015 — vol-scaling selects consistent performers.
2026-04-07 15:39:59,in_sample,1.0723,-0.2118,0.1635,0.47,0.9636,1.1538,-0.0815,,,,,revert check
2026-04-07 15:40:42,in_sample,0.9395,-0.2459,0.1765,0.4482,0.7737,1.1538,-0.2143,,,,,HYPOTHESIS: 2. CHANGE: remove SPY 200d regime filter. WHY: eliminates cash drag in sustained bull market.
2026-04-07 15:41:02,in_sample,1.0723,-0.2118,0.1635,0.47,0.9636,1.1538,-0.0815,,,,,revert check
2026-04-07 15:41:33,in_sample,1.0015,-0.2012,0.1108,0.1738,0.9992,1.1538,-0.1523,,,,,HYPOTHESIS: 3. CHANGE: full-universe momentum tilt + regime scaling. WHY: Brandt et al 2009 parametric portfolio tilt beats concentrated selection.
2026-04-07 15:42:53,in_sample,0.9541,-0.2041,0.1112,0.3026,0.9446,1.1538,-0.1997,,,,,"HYPOTHESIS: 3b. CHANGE: TILT 1.0->4.0, stronger momentum overweight. WHY: TILT=1 too mild to generate meaningful excess."
2026-04-07 15:43:17,in_sample,1.0015,-0.2012,0.1108,0.1738,0.9992,1.1538,-0.1523,,,,,revert check
2026-04-07 15:43:57,in_sample,0.9829,-0.2011,0.1133,0.5962,0.8327,1.1538,-0.1709,,,,,HYPOTHESIS: 4. CHANGE: replace momentum tilt with 21-day reversal tilt TILT=2. WHY: Jegadeesh 1990 short-term reversal in liquid names.
2026-04-07 15:44:17,in_sample,1.0015,-0.2012,0.1108,0.1738,0.9992,1.1538,-0.1523,,,,,revert check
2026-04-07 15:44:37,in_sample,1.0817,-0.1867,0.1127,0.1729,1.0817,1.1538,-0.0721,,,,,HYPOTHESIS: 5. CHANGE: inverse-vol weighting replaces momentum tilt. WHY: Baker et al 2011 low-vol anomaly improves Sharpe via reduced variance.
2026-04-07 15:45:06,in_sample,1.0855,-0.1831,0.1597,0.0926,1.0855,1.1538,-0.0683,,,,,"HYPOTHESIS: 5b. CHANGE: remove regime filter, rely on inv-vol defense. WHY: inv-vol is inherently defensive, regime causes cash drag."
2026-04-07 15:45:29,in_sample,0.9694,-0.1917,0.1326,0.1583,0.9694,1.1538,-0.1844,,,,,HYPOTHESIS: 5c. CHANGE: combine inv-vol + momentum tilt (TILT=1.5). WHY: Asness et al quality-momentum composite higher Sharpe than single factor.
2026-04-07 15:45:48,in_sample,1.0855,-0.1831,0.1597,0.0926,1.0855,1.1538,-0.0683,,,,,revert check
2026-04-07 15:46:12,in_sample,1.1123,-0.1407,0.1245,0.1723,1.1123,1.1538,-0.0415,,,,,"HYPOTHESIS: 6. CHANGE: add vol targeting (target_vol=0.12, 21d lookback). WHY: Moreira & Muir 2017 vol-managed portfolios improve Sharpe ~40%."
2026-04-07 15:46:51,in_sample,0.9699,-0.0985,0.0826,0.2102,0.9699,1.1538,-0.1839,,,,,HYPOTHESIS: 6b. CHANGE: TARGET_VOL 0.12->0.08. WHY: more aggressive vol scaling exploits vol clustering better.
2026-04-07 15:46:59,in_sample,1.1123,-0.1407,0.1245,0.1723,1.1123,1.1538,-0.0415,,,,,revert check
2026-04-07 15:47:34,in_sample,1.1246,-0.1388,0.1235,0.2045,1.1246,1.1538,-0.0292,,,,,HYPOTHESIS: 7. CHANGE: add market-relative 6m momentum tilt to inv-vol. WHY: Blitz et al 2011 residual momentum captures idiosyncratic alpha.
2026-04-07 15:47:50,in_sample,1.0191,-0.1398,0.1128,0.2903,1.0191,1.1538,-0.1347,,,,,"HYPOTHESIS: 7b. CHANGE: TILT 1.0->2.0. WHY: residual momentum signal confirmed, stronger tilt amplifies alpha."
2026-04-07 15:48:50,in_sample,1.1246,-0.1388,0.1235,0.2045,1.1246,1.1538,-0.0292,,,,,revert check
2026-04-07 15:49:10,in_sample,1.1641,-0.1652,0.1409,0.1781,1.1641,1.1538,0.0103,,,,,"HYPOTHESIS: 6c. CHANGE: TARGET_VOL 0.12->0.15. WHY: only scale down in crisis, preserve upside in normal markets."
2026-04-07 15:49:30,in_sample,1.1844,-0.1772,0.1541,0.1705,1.1844,1.1538,0.0306,,,,,"HYPOTHESIS: 6d. CHANGE: TARGET_VOL 0.15->0.20. WHY: further reduce cash drag, only scale in extreme crisis."
2026-04-07 15:49:41,in_sample,1.1838,-0.1779,0.165,0.1615,1.1838,1.1538,0.03,,,,,HYPOTHESIS: 6e. CHANGE: remove vol targeting entirely. WHY: test ceiling of inv-vol + residual momentum without exposure scaling.
2026-04-07 15:50:00,in_sample,1.1844,-0.1772,0.1541,0.1705,1.1844,1.1538,0.0306,,,,,revert check
2026-04-07 15:50:16,in_sample,1.1915,-0.179,0.1558,0.1561,1.1915,1.1538,0.0377,,,,,HYPOTHESIS: 8. CHANGE: Parkinson high-low vol estimator. WHY: Parkinson 1980 5.2x more efficient vol estimation.
2026-04-07 15:50:56,in_sample,1.0879,-0.1794,0.1476,0.2051,1.0879,1.1538,-0.0659,,,,,HYPOTHESIS: 7c. CHANGE: residual momentum 6m->3m. WHY: Novy-Marx 2012 — 3m aligns with quarterly earnings cycle.
2026-04-07 15:51:02,in_sample,1.1915,-0.179,0.1558,0.1561,1.1915,1.1538,0.0377,,,,,revert check
2026-04-07 15:51:13,in_sample,1.0206,-0.1908,0.128,0.1189,1.0206,1.1538,-0.1332,,,,,HYPOTHESIS: 7d. CHANGE: residual momentum 6m->12-1m. WHY: classic Jegadeesh-Titman 12-1 horizon but market-relative.
2026-04-07 15:51:38,in_sample,1.1915,-0.179,0.1558,0.1561,1.1915,1.1538,0.0377,,,,,revert check
2026-04-07 15:51:58,in_sample,0.9211,-0.159,0.1236,0.5689,0.7866,1.1538,-0.2327,,,,,"HYPOTHESIS: 9. CHANGE: mean-variance weighting max(0,excess_mom)/var. WHY: Kelly 1956 / Markowitz optimal weight is return/variance."
2026-04-07 15:52:31,in_sample,1.1915,-0.179,0.1558,0.1561,1.1915,1.1538,0.0377,,,,,revert check
2026-04-07 15:52:48,in_sample,1.1214,-0.1762,0.1471,0.245,1.1214,1.1538,-0.0324,,,,,HYPOTHESIS: 10. CHANGE: exclude bottom 20% by 6m excess momentum. WHY: Hong et al 2000 — losers drag more than winners lift.
2026-04-07 15:53:10,in_sample,1.1915,-0.179,0.1558,0.1561,1.1915,1.1538,0.0377,,,,,revert check
2026-04-07 15:53:45,in_sample,1.1791,-0.179,0.1539,0.2193,1.1791,1.1538,0.0253,,,,,HYPOTHESIS: 11. CHANGE: add volume momentum tilt (21d/63d vol ratio). WHY: Chordia et al 2001 — rising volume signals institutional accumulation.
2026-04-07 15:54:24,in_sample,1.1915,-0.179,0.1558,0.1561,1.1915,1.1538,0.0377,,,,,revert check
2026-04-07 15:54:50,in_sample,1.1946,-0.1792,0.1562,0.1596,1.1946,1.1538,0.0408,,,,,HYPOTHESIS: 12. CHANGE: EWMA vol (halflife=21) replaces 63d rolling. WHY: RiskMetrics 1996 — EWMA better captures vol regime shifts.
2026-04-07 15:55:42,in_sample,1.2347,-0.1595,0.1507,0.1783,1.2347,1.1538,0.0809,,,,,HYPOTHESIS: 13. CHANGE: add inv-beta weighting. WHY: Frazzini & Pedersen 2014 BAB — low-beta stocks earn higher alpha.
2026-04-07 15:56:04,in_sample,1.2466,-0.1592,0.1519,0.2159,1.2466,1.1538,0.0928,,,,,HYPOTHESIS: 13b. CHANGE: beta window 126d->63d. WHY: shorter window captures current regime better.
2026-04-07 15:56:17,in_sample,1.2413,-0.1608,0.151,0.2234,1.2413,1.1538,0.0875,,,,,"HYPOTHESIS: 13c. CHANGE: EWMA beta (halflife=21). WHY: EWMA gives smoother, more responsive beta estimates."
2026-04-07 15:56:26,in_sample,1.2466,-0.1592,0.1519,0.2159,1.2466,1.1538,0.0928,,,,,revert check
2026-04-07 15:56:37,in_sample,1.2482,-0.1592,0.1515,0.2289,1.2482,1.1538,0.0944,,,,,HYPOTHESIS: 13d. CHANGE: beta floor 0.3->0.15. WHY: BAB premium strongest for lowest-beta stocks.
2026-04-07 15:57:08,in_sample,1.2363,-0.1443,0.1436,0.2491,1.2363,1.1538,0.0825,,,,,HYPOTHESIS: 14. CHANGE: 1/var instead of 1/vol for min-variance optimal. WHY: Markowitz 1952 — min-var weights are 1/sigma^2.
2026-04-07 15:57:20,in_sample,1.2482,-0.1592,0.1515,0.2289,1.2482,1.1538,0.0944,,,,,revert check
2026-04-07 15:57:32,in_sample,1.2122,-0.1575,0.1478,0.2726,1.2122,1.1538,0.0584,,,,,HYPOTHESIS: 7e. CHANGE: TILT 1.0->1.5 with inv-beta stabilizer. WHY: quality momentum — low-beta + high-momentum outperforms.
2026-04-07 15:57:52,in_sample,1.2482,-0.1592,0.1515,0.2289,1.2482,1.1538,0.0944,,,,,revert check
2026-04-07 15:58:09,in_sample,1.2872,-0.1629,0.1572,0.1672,1.2872,1.1538,0.1334,,,,,HYPOTHESIS: 15. CHANGE: EWM weight smoothing (halflife=10). WHY: DeMiguel et al 2020 — gradual rebalancing lets winners run.
2026-04-07 15:58:23,in_sample,1.2836,-0.1646,0.157,0.1484,1.2836,1.1538,0.1298,,,,,"HYPOTHESIS: 15b. CHANGE: halflife 10->15. WHY: longer smoothing further reduces churn, captures more position momentum."
2026-04-07 15:58:35,in_sample,1.29,-0.1617,0.1573,0.182,1.29,1.1538,0.1362,,,,,HYPOTHESIS: 15c. CHANGE: halflife 10->7. WHY: test shorter smoothing for better responsiveness.
2026-04-07 15:58:45,in_sample,1.2912,-0.1609,0.1573,0.1936,1.2912,1.1538,0.1374,,,,,HYPOTHESIS: 15d. CHANGE: halflife 7->5. WHY: further testing optimal smoothing window.
2026-04-07 15:59:02,in_sample,1.2948,-0.1633,0.1667,0.1851,1.2948,1.1538,0.141,,,,,"HYPOTHESIS: 15e. CHANGE: remove vol targeting (TARGET_VOL=0.20). WHY: barely activates, simplifies model, may reduce rare cash drag."
2026-04-07 15:59:19,in_sample,1.2947,-0.1629,0.1666,0.1916,1.2947,1.1538,0.1409,,,,,HYPOTHESIS: 15f. CHANGE: halflife 5->4. WHY: fine-tuning optimal smoothing speed.
2026-04-07 15:59:46,in_sample,1.1573,-0.1674,0.1562,0.1535,1.1573,1.1538,0.0035,,,,,"HYPOTHESIS: 16. CHANGE: remove momentum tilt, keep pure inv-vol * inv-beta. WHY: test if momentum tilt adds noise."
2026-04-07 15:59:57,in_sample,1.2948,-0.1633,0.1667,0.1851,1.2948,1.1538,0.141,,,,,revert check
2026-04-07 16:00:12,in_sample,1.215,-0.1651,0.1525,0.1806,1.215,1.1538,0.0612,,,,,HYPOTHESIS: 17. CHANGE: blend 3m+9m excess momentum. WHY: Smith & Timmermann 2022 — multi-horizon reduces estimation error.
2026-04-07 16:00:33,in_sample,1.2956,-0.1633,0.167,0.1786,1.2956,1.1538,0.1418,,,,,HYPOTHESIS: 18. CHANGE: Parkinson EWMA halflife 21->42. WHY: longer halflife reduces vol estimate noise.
2026-04-07 16:00:44,in_sample,1.2958,-0.1635,0.1671,0.1764,1.2958,1.1538,0.142,,,,,HYPOTHESIS: 18b. CHANGE: Parkinson EWMA halflife 42->63. WHY: even more stable vol estimates.
2026-04-07 16:01:29,in_sample,1.2729,-0.1784,0.1757,0.1061,1.2729,1.1538,0.1191,,,,,HYPOTHESIS: 19. CHANGE: additive rank composite instead of multiplicative. WHY: DeMiguel et al 2009 — simple averaging more robust OOS.
2026-04-07 16:01:52,in_sample,1.2958,-0.1635,0.1671,0.1764,1.2958,1.1538,0.142,,,,,revert check — prepare for holdback
2026-04-07 16:02:13,check_holdback,1.2958,-0.1635,0.1671,0.1764,1.2958,1.1538,0.142,1.2958,1.2606,0.0664,False,HYPOTHESIS: composite low-vol/low-beta/momentum. HOLDBACK CHECK.
2026-04-07 16:03:08,in_sample,1.2754,-0.1358,0.1479,0.6733,1.0888,1.1538,0.1216,,,,,"HYPOTHESIS: 2. CHANGE: select low-beta (<0.8) + positive excess mom stocks, inv-vol weight. WHY: Ang et al 2006 — concentrated low-vol+mom selection."
2026-04-07 16:03:27,in_sample,1.3387,-0.1404,0.1551,0.3864,1.2955,1.1538,0.1849,,,,,HYPOTHESIS: 2b. CHANGE: EWM halflife 5->21 to reduce turnover. WHY: slower adaptation dampens entry/exit churn.
2026-04-07 16:03:51,in_sample,1.3714,-0.1447,0.1591,0.257,1.3714,1.1538,0.2176,,,,,HYPOTHESIS: 2c. CHANGE: EWM halflife 21->42 to push turnover under 0.30. WHY: eliminate turnover penalty.
2026-04-07 16:04:04,in_sample,1.39,-0.1462,0.1615,0.1978,1.39,1.1538,0.2362,,,,,"HYPOTHESIS: 2d. CHANGE: EWM halflife 42->63. WHY: further reduce turnover, maximize smoothing benefit."
2026-04-07 16:04:17,in_sample,1.4011,-0.1467,0.1629,0.1638,1.4011,1.1538,0.2473,,,,,HYPOTHESIS: 2e. CHANGE: EWM halflife 63->84. WHY: test further smoothing.
2026-04-07 16:04:27,in_sample,1.4128,-0.1468,0.1645,0.1267,1.4128,1.1538,0.259,,,,,HYPOTHESIS: 2f. CHANGE: EWM halflife 84->126. WHY: test if even slower adaptation continues to improve.
2026-04-07 16:04:37,in_sample,1.4192,-0.1464,0.1655,0.087,1.4192,1.1538,0.2654,,,,,HYPOTHESIS: 2g. CHANGE: EWM halflife 126->252. WHY: test 1-year smoothing.
2026-04-07 16:05:09,in_sample,1.4128,-0.1468,0.1645,0.1267,1.4128,1.1538,0.259,,,,,"HYPOTHESIS: 2. Final DEV run: low-beta+pos-mom selection, inv-vol weight, EWM halflife=126."
2026-04-07 16:05:31,check_holdback,1.4128,-0.1468,0.1645,0.1267,1.4128,1.1538,0.259,1.4128,1.2161,0.0219,False,"HYPOTHESIS: 2. Low-beta + positive excess-mom selection, inv-vol EWM(126). HOLDBACK CHECK."
2026-04-07 16:06:49,in_sample,1.2477,-0.2031,0.1877,0.0879,1.2414,1.1538,0.0939,,,,,"HYPOTHESIS: 3. CHANGE: dynamic factor rotation — momentum in risk-on, inv-vol in risk-off. WHY: Khandani & Lo 2011 regime-dependent factor returns."
2026-04-07 16:07:56,in_sample,1.3018,-0.1343,0.1393,0.1084,1.3018,1.1538,0.148,,,,,HYPOTHESIS: 3. CHANGE: inv-vol + inv-beta + mom with partial regime filter (50%). WHY: Faber 2007 — partial de-risking creates asymmetric excess.
2026-04-07 16:08:23,in_sample,1.297,-0.1315,0.1385,0.1225,1.297,1.1538,0.1432,,,,,HYPOTHESIS: 3b. CHANGE: EWM halflife 63->42. WHY: test faster smoothing for better factor responsiveness.
2026-04-07 16:08:31,in_sample,1.3057,-0.1357,0.1399,0.1,1.3057,1.1538,0.1519,,,,,HYPOTHESIS: 3c. CHANGE: EWM halflife 42->84. WHY: test longer smoothing.
2026-04-07 16:08:55,in_sample,1.3083,-0.1363,0.1403,0.0956,1.3083,1.1538,0.1545,,,,,HYPOTHESIS: 3d. CHANGE: EWM halflife 84->100. WHY: test slightly longer smoothing.
2026-04-07 16:09:07,check_holdback,1.3083,-0.1363,0.1403,0.0956,1.3083,1.1538,0.1545,1.3083,1.4119,0.2177,True,HYPOTHESIS: 3. Partial regime + multi-factor. HOLDBACK CHECK.
2026-04-07 16:09:22,walk_forward,1.3083,-0.1363,0.1403,0.0956,1.3083,1.1538,0.1545,,,,,[OOS sharpe=1.6506 excess=0.0042 decay_ratio=1.2616 folds_passed=3 pass=False] HYPOTHESIS: 3. COMMITTED: yes. WF-CHECK: #1
2026-04-07 16:10:17,in_sample,1.3083,-0.1363,0.1403,0.0956,1.3083,1.1538,0.1545,,,,,revert after WF fail
2026-04-07 16:12:19,in_sample,1.3393,-0.1284,0.1418,0.1252,1.3393,1.1538,0.1855,,,,,"HYPOTHESIS: 4. CHANGE: top 50% by composite rank (inv-beta + mom), inv-vol weighted, partial regime. WHY: relative ranking avoids absolute threshold overfitting."
2026-04-07 16:12:44,in_sample,1.3254,-0.1313,0.1428,0.1126,1.3254,1.1538,0.1716,,,,,HYPOTHESIS: 4b. CHANGE: top 60% instead of 50%. WHY: broader selection for more diversification.
2026-04-07 16:12:55,in_sample,1.3452,-0.1248,0.1402,0.1397,1.3452,1.1538,0.1914,,,,,HYPOTHESIS: 4c. CHANGE: top 40% instead of 50%. WHY: more concentrated for higher differentiation.
2026-04-07 16:13:05,in_sample,1.3469,-0.1241,0.1392,0.1509,1.3469,1.1538,0.1931,,,,,HYPOTHESIS: 4d. CHANGE: top 33%. WHY: testing optimal concentration.
2026-04-07 16:13:15,in_sample,1.3551,-0.1227,0.1391,0.1652,1.3551,1.1538,0.2013,,,,,HYPOTHESIS: 4e. CHANGE: top 25%. WHY: testing more concentration.
2026-04-07 16:13:24,in_sample,1.3636,-0.1208,0.1397,0.1754,1.3636,1.1538,0.2098,,,,,HYPOTHESIS: 4f. CHANGE: top 20%. WHY: finding optimal concentration.
2026-04-07 16:13:40,in_sample,1.3551,-0.1227,0.1391,0.1652,1.3551,1.1538,0.2013,,,,,"HYPOTHESIS: 4. Final: top 25% by (inv-beta-rank + mom-rank), inv-vol, EWM(100), partial regime."
2026-04-07 16:13:46,check_holdback,1.3551,-0.1227,0.1391,0.1652,1.3551,1.1538,0.2013,1.3551,1.3915,0.1973,True,"HYPOTHESIS: 4. Top-25% composite rank, inv-vol, EWM(100), partial regime. HOLDBACK CHECK."
2026-04-07 16:14:01,walk_forward,1.3551,-0.1227,0.1391,0.1652,1.3551,1.1538,0.2013,,,,,[OOS sharpe=1.6179 excess=-0.0286 decay_ratio=1.1939 folds_passed=3 pass=False] HYPOTHESIS: 4. COMMITTED: yes. WF-CHECK: #1
2026-04-07 16:14:47,in_sample,1.2237,-0.1577,0.1505,0.1677,1.2237,1.1538,0.0699,,,,,HYPOTHESIS: 5. CHANGE: top 33% by excess-momentum only (no inv-beta). WHY: momentum captures bull-market winners; inv-beta HURT in WF.
2026-04-07 16:15:10,in_sample,1.223,-0.1409,0.1406,0.1664,1.223,1.1538,0.0692,,,,,HYPOTHESIS: 5b. CHANGE: select top 33% by trailing 6m Sharpe ratio. WHY: Sharpe naturally balances momentum and stability.
2026-04-07 16:15:51,in_sample,1.2208,-0.1505,0.1455,0.1413,1.2208,1.1538,0.067,,,,,"HYPOTHESIS: 5c. CHANGE: select top 50% by excess-momentum, inv-vol sizing. WHY: broader momentum captures bull-market winners without picking losers."
2026-04-07 16:16:46,in_sample,1.2615,-0.1453,0.1471,0.0837,1.2615,1.1538,0.1077,,,,,"HYPOTHESIS: 5d. CHANGE: full universe, weight = inv_vol * (0.5+mom_rank), EWM 100, partial regime. WHY: continuous momentum tilt avoids binary selection noise."
2026-04-07 16:17:00,in_sample,1.257,-0.1464,0.147,0.0911,1.257,1.1538,0.1032,,,,,HYPOTHESIS: 5e. CHANGE: stronger tilt = 0.2 + 0.8*mom_rank (5x spread). WHY: more concentration in momentum winners.
2026-04-07 16:17:19,in_sample,1.1096,-0.1418,0.1249,0.0826,1.1096,1.1538,-0.0442,,,,,HYPOTHESIS: 5f. CHANGE: combo tilt = excess_mom + 52w-high proximity. WHY: two complementary momentum signals for stronger alpha.
2026-04-07 16:17:35,in_sample,1.0707,-0.1461,0.1214,0.078,1.0707,1.1538,-0.0831,,,,,HYPOTHESIS: 5g. CHANGE: 12-1 excess momentum (252d skip 21d). WHY: classic academic momentum signal.
2026-04-07 16:17:46,in_sample,1.1785,-0.1441,0.1397,0.0861,1.1785,1.1538,0.0247,,,,,HYPOTHESIS: 5h. CHANGE: 63-day excess momentum tilt. WHY: shorter lookback may capture faster-moving trends.
2026-04-07 16:17:57,in_sample,1.2616,-0.1441,0.1471,0.0846,1.2616,1.1538,0.1078,,,,,HYPOTHESIS: 5i. CHANGE: composite momentum (63d+126d) tilt. WHY: multi-horizon signal more robust.
2026-04-07 16:18:32,in_sample,1.2622,-0.1432,0.1453,0.0851,1.2622,1.1538,0.1084,,,,,HYPOTHESIS: 6. CHANGE: inv-beta tilt ONLY in bear markets (SPY<200d). WHY: avoids bull-market drag while keeping crisis defense.
2026-04-07 16:19:03,in_sample,1.2238,-0.1554,0.1332,0.1036,1.2238,1.1538,0.07,,,,,HYPOTHESIS: 6b. CHANGE: regime=0.3 when bear (more aggressive cash raise). WHY: stronger drawdown protection.
2026-04-07 16:19:23,in_sample,1.2704,-0.1431,0.1463,0.0841,1.2704,1.1538,0.1166,,,,,HYPOTHESIS: 6c. CHANGE: mild always-on beta tilt (0.8+0.2*rank). WHY: small defensive tilt without large bull-market drag.
2026-04-07 16:19:33,in_sample,1.2756,-0.1419,0.1458,0.0846,1.2756,1.1538,0.1218,,,,,HYPOTHESIS: 6d. CHANGE: beta tilt 0.7+0.3*rank. WHY: slightly stronger defensive tilt.
2026-04-07 16:19:42,in_sample,1.2813,-0.1405,0.1453,0.0853,1.2813,1.1538,0.1275,,,,,HYPOTHESIS: 6e. CHANGE: beta tilt 0.6+0.4*rank. WHY: more beta tilt.
2026-04-07 16:19:49,in_sample,1.2877,-0.1389,0.1447,0.0863,1.2877,1.1538,0.1339,,,,,HYPOTHESIS: 6f. CHANGE: beta tilt 0.5+0.5*rank (2x spread). WHY: medium beta tilt.
2026-04-07 16:20:06,in_sample,1.303,-0.1352,0.1433,0.0894,1.303,1.1538,0.1492,,,,,HYPOTHESIS: 6g. CHANGE: beta tilt 0.3+0.7*rank (3.3x spread). WHY: stronger beta tilt.
2026-04-07 16:20:15,in_sample,1.3122,-0.1329,0.1425,0.0918,1.3122,1.1538,0.1584,,,,,HYPOTHESIS: 6h. CHANGE: beta tilt 0.2+0.8*rank (5x spread). WHY: even stronger beta tilt.
2026-04-07 16:20:44,in_sample,1.2716,-0.1408,0.1441,0.0867,1.2716,1.1538,0.1178,,,,,"HYPOTHESIS: 6i. CHANGE: regime-dep beta: bull=0.7+0.3*rank, bear=0.2+0.8*rank. WHY: mild beta in bull, strong in bear."
2026-04-07 16:21:44,in_sample,1.2588,-0.1448,0.1467,0.0851,1.2588,1.1538,0.105,,,,,HYPOTHESIS: 7. CHANGE: IR tilt (excess return / tracking error). WHY: rewards CONSISTENT outperformance.
2026-04-07 16:22:24,in_sample,1.2322,-0.1463,0.1467,0.1683,1.2322,1.1538,0.0784,,,,,"HYPOTHESIS: 7b. CHANGE: squared mom_rank tilt + EWM halflife=30. WHY: aggressive concentration in top momentum, faster adaptation."
2026-04-07 16:22:33,in_sample,1.2571,-0.1511,0.1497,0.1134,1.2571,1.1538,0.1033,,,,,HYPOTHESIS: 7c. CHANGE: squared mom tilt + EWM 100. WHY: test non-linear tilt with proper smoothing.
2026-04-07 16:22:48,in_sample,1.2592,-0.144,0.1465,0.0858,1.2592,1.1538,0.1054,,,,,"HYPOTHESIS: 7d. CHANGE: mean-variance tilt = excess_ret/variance, ranked. WHY: optimal risk-adjusted weighting."
2026-04-07 16:23:44,in_sample,1.2856,-0.1398,0.144,0.0871,1.2856,1.1538,0.1318,,,,,HYPOTHESIS: 7e. CHANGE: dampened beta = sqrt(inv_beta). WHY: halved beta effect in multiplicative form.
2026-04-07 16:23:56,in_sample,1.2776,-0.1415,0.1451,0.0854,1.2776,1.1538,0.1238,,,,,HYPOTHESIS: 7f. CHANGE: beta = cbrt(inv_beta). WHY: cube root for 1/3 of original beta effect.
2026-04-07 16:24:34,in_sample,1.2509,-0.1446,0.1465,0.0998,1.2509,1.1538,0.0971,,,,,HYPOTHESIS: 8. CHANGE: trend efficiency tilt (net move / total move). WHY: overweight consistently trending stocks.
2026-04-07 16:24:48,in_sample,1.2659,-0.1452,0.1471,0.085,1.2659,1.1538,0.1121,,,,,HYPOTHESIS: 8b. CHANGE: volume-confirmed momentum (mom_rank + vol_trend_rank). WHY: confirms trends with institutional volume.
2026-04-07 16:24:58,in_sample,1.2742,-0.1435,0.1473,0.0859,1.2742,1.1538,0.1204,,,,,HYPOTHESIS: 8c. CHANGE: volume trend tilt only. WHY: isolate volume trend alpha.
2026-04-07 16:25:12,in_sample,1.2721,-0.1438,0.1471,0.0858,1.2721,1.1538,0.1183,,,,,HYPOTHESIS: 8d. CHANGE: dollar volume trend tilt. WHY: captures institutional interest better.
2026-04-07 16:25:22,in_sample,1.1791,-0.1442,0.1386,0.0828,1.1791,1.1538,0.0253,,,,,HYPOTHESIS: 8e. CHANGE: vol trend 10/63 lookback. WHY: test shorter lookback for volume.
2026-04-07 16:25:30,in_sample,1.1237,-0.1432,0.1263,0.0835,1.1237,1.1538,-0.0301,,,,,HYPOTHESIS: 8f. CHANGE: vol trend 42/252 lookback. WHY: test longer lookback.
2026-04-07 16:25:46,in_sample,1.2899,-0.1397,0.146,0.0867,1.2899,1.1538,0.1361,,,,,"HYPOTHESIS: 9. CHANGE: vol_trend tilt + mild beta (0.7+0.3*rank). WHY: volume captures institutional interest, mild beta adds defense."
2026-04-07 16:26:00,in_sample,1.2788,-0.1434,0.146,0.0932,1.2788,1.1538,0.125,,,,,HYPOTHESIS: 9b. CHANGE: 3-factor: vol_trend + momentum + mild beta. WHY: combine three alpha sources.
2026-04-07 16:26:17,in_sample,1.3033,-0.1365,0.1449,0.0883,1.3033,1.1538,0.1495,,,,,HYPOTHESIS: 9c. CHANGE: vol_trend + beta 0.5+0.5. WHY: stronger beta with vol_trend.
2026-04-07 16:26:27,in_sample,1.3112,-0.1345,0.1443,0.0895,1.3112,1.1538,0.1574,,,,,HYPOTHESIS: 9d. CHANGE: vol_trend + beta 0.4+0.6. WHY: push beta higher.
2026-04-07 16:27:06,in_sample,1.3033,-0.1365,0.1449,0.0883,1.3033,1.1538,0.1495,,,,,"HYPOTHESIS: 9-final. CHANGE: inv_vol * vol_trend(21/126) * beta(0.5+0.5rank), EWM100, regime0.5. WHY: volume captures institutional interest, mild beta defense."
2026-04-07 16:27:17,check_holdback,1.3033,-0.1365,0.1449,0.0883,1.3033,1.1538,0.1495,1.3033,1.3092,0.115,True,"HYPOTHESIS: 9-final. CHANGE: inv_vol * vol_trend(21/126) * beta(0.5+0.5rank), EWM100, regime0.5."
2026-04-07 16:27:25,walk_forward,1.3033,-0.1365,0.1449,0.0883,1.3033,1.1538,0.1495,,,,,"[OOS sharpe=1.6788 excess=0.0323 decay_ratio=1.2389 folds_passed=3 pass=False] HYPOTHESIS: 9-final. CHANGE: inv_vol * vol_trend(21/126) * beta(0.5+0.5rank), EWM100, regime0.5."
2026-04-07 16:27:57,in_sample,1.2882,-0.177,0.1769,0.046,1.2882,1.1538,0.1344,,,,,HYPOTHESIS: 10. CHANGE: remove regime filter. WHY: regime filter hurts WF by underallocating during COVID recovery.
2026-04-07 16:28:53,in_sample,1.0568,-0.1267,0.1116,0.1984,1.0568,1.1538,-0.097,,,,,HYPOTHESIS: 10b. CHANGE: 50-day MA regime filter instead of 200d. WHY: faster recovery from crises.
2026-04-07 16:29:45,in_sample,1.2407,-0.1782,0.1682,0.2667,1.2407,1.1538,0.0869,,,,,"HYPOTHESIS: 10c. CHANGE: no EWM smooth, no regime. WHY: maximize factor differentiation."
2026-04-07 16:31:40,in_sample,1.2742,-0.1435,0.1473,0.0859,1.2742,1.1538,0.1204,,,,,"HYPOTHESIS: 10d. CHANGE: inv_vol * vol_trend only (no beta), EWM100, regime(200d,0.5). WHY: baseline for no-beta approach."
2026-04-07 16:32:34,in_sample,1.2262,-0.1309,0.1299,0.1503,1.2262,1.1538,0.0724,,,,,"HYPOTHESIS: 11. CHANGE: portfolio vol targeting (target=12%, 21d window). WHY: Moreira-Muir vol timing premium."
2026-04-07 16:32:44,in_sample,1.2925,-0.1776,0.1627,0.0708,1.2925,1.1538,0.1387,,,,,HYPOTHESIS: 11b. CHANGE: vol target=18%. WHY: less aggressive delevering.
2026-04-07 16:32:55,in_sample,1.2697,-0.161,0.15,0.0925,1.2697,1.1538,0.1159,,,,,HYPOTHESIS: 11c. CHANGE: vol target=15%. WHY: tune target vol.
2026-04-07 16:34:20,in_sample,1.2777,-0.1435,0.1477,0.0765,1.2777,1.1538,0.1239,,,,,HYPOTHESIS: 11d. CHANGE: EWM halflife=200. WHY: stronger position momentum for trending markets.
2026-04-07 16:34:48,in_sample,1.266,-0.1464,0.1475,0.0924,1.266,1.1538,0.1122,,,,,"HYPOTHESIS: 12. CHANGE: EMA crossover (10/50) + vol_trend tilt. WHY: EMA captures recent trend direction, combined with volume confirmation."
2026-04-07 16:35:06,in_sample,1.3087,-0.1475,0.1527,0.0834,1.3087,1.1538,0.1549,,,,,HYPOTHESIS: 12b. CHANGE: size tilt (inverse dollar volume) + vol_trend. WHY: small-cap premium within large-cap universe.
2026-04-07 16:35:20,in_sample,1.2665,-0.1478,0.1509,0.0691,1.2665,1.1538,0.1127,,,,,HYPOTHESIS: 12c. CHANGE: inv_vol * size_tilt only. WHY: isolate size factor contribution.
2026-04-07 16:35:43,in_sample,1.2912,-0.1495,0.152,0.0842,1.2912,1.1538,0.1374,,,,,HYPOTHESIS: 12d. CHANGE: size + momentum tilts. WHY: test size-momentum interaction.
2026-04-07 16:35:53,in_sample,1.2948,-0.1514,0.1523,0.0906,1.2948,1.1538,0.141,,,,,HYPOTHESIS: 12e. CHANGE: 3-factor: size + vol_trend + momentum. WHY: test if all three are additive.
2026-04-07 16:36:10,in_sample,1.3112,-0.1479,0.1531,0.0832,1.3112,1.1538,0.1574,,,,,HYPOTHESIS: 12f. CHANGE: stronger size tilt 0.3+0.7*rank. WHY: increase size factor exposure.
2026-04-07 16:36:19,in_sample,1.3195,-0.1489,0.1545,0.0828,1.3195,1.1538,0.1657,,,,,HYPOTHESIS: 12g. CHANGE: size tilt 0.2+0.8*rank. WHY: even stronger size exposure.
2026-04-07 16:36:29,in_sample,1.329,-0.1502,0.1562,0.0826,1.329,1.1538,0.1752,,,,,HYPOTHESIS: 12h. CHANGE: size tilt 0.1+0.9*rank (10x spread). WHY: maximize size factor.
2026-04-07 16:36:38,in_sample,1.3399,-0.1522,0.1582,0.0827,1.3399,1.1538,0.1861,,,,,HYPOTHESIS: 12i. CHANGE: pure rank size tilt (idv_rank). WHY: test if full concentration in small works.
2026-04-07 16:37:22,in_sample,1.3091,-0.1936,0.1894,0.0393,1.3091,1.1538,0.1553,,,,,"HYPOTHESIS: 12j. CHANGE: inv_vol * size(0.1+0.9) * vol_trend, EWM100, NO regime. WHY: max WF robustness via no regime + strong size + volume confirmation."
2026-04-07 16:37:37,check_holdback,1.3091,-0.1936,0.1894,0.0393,1.3091,1.1538,0.1553,1.3091,1.2126,0.0184,False,"HYPOTHESIS: 12. HOLDBACK CHECK. inv_vol * size(0.1+0.9) * vol_trend, EWM100, no regime."
2026-04-07 16:38:06,in_sample,1.3551,-0.1227,0.1391,0.1652,1.3551,1.1538,0.2013,,,,,revert after holdback fail
2026-04-07 16:40:16,in_sample,1.2209,-0.1478,0.1416,0.0974,1.2209,1.1538,0.0671,,,,,HYPOTHESIS: 13. CHANGE: inv_vol * vol_trend * 5d_reversal * 126d_skip21_momentum. WHY: buy-the-dip in long-term uptrend (Jegadeesh 1990).
2026-04-07 16:40:27,in_sample,1.2765,-0.1434,0.1476,0.0892,1.2765,1.1538,0.1227,,,,,HYPOTHESIS: 13b. CHANGE: inv_vol * vol_trend * 5d_reversal. WHY: isolate reversal + volume.
2026-04-07 16:40:38,in_sample,1.2065,-0.1435,0.1427,0.0689,1.2065,1.1538,0.0527,,,,,HYPOTHESIS: 13c. CHANGE: inv_vol * 5d_reversal only. WHY: isolate short-term reversal.
2026-04-07 16:41:53,in_sample,1.2639,-0.1423,0.1456,0.0943,1.2639,1.1538,0.1101,,,,,HYPOTHESIS: 14. CHANGE: inv_vol * vol_trend * dollar_flow (21d signed volume). WHY: money flow captures institutional buying pressure (Chaikin money flow indicator).
2026-04-07 16:42:43,in_sample,1.2399,-0.1441,0.1437,0.0871,1.2399,1.1538,0.0861,,,,,HYPOTHESIS: 14. CHANGE: inv-idiosyncratic-vol * vol_trend. WHY: reduces diversifiable risk without reducing beta (Ang 2006).
2026-04-07 16:43:14,in_sample,1.256,-0.1848,0.1794,0.0625,1.256,1.1538,0.1022,,,,,"HYPOTHESIS: 14b. CHANGE: inv_vol * strong vol_trend (0.1+0.9*rank), NO regime. WHY: maximize volume tilt without regime drag."
2026-04-07 16:43:26,in_sample,1.2565,-0.1841,0.1795,0.0433,1.2565,1.1538,0.1027,,,,,"HYPOTHESIS: 14c. CHANGE: inv_vol * vol_trend (0.5+rank), NO regime. WHY: remove regime entirely to test pure factor alpha."
2026-04-07 16:44:00,in_sample,1.2394,-0.1831,0.176,0.0531,1.2394,1.1538,0.0856,,,,,HYPOTHESIS: 15. CHANGE: close-position tilt (avg close/range over 21d) + vol_trend. WHY: stocks closing near daily highs show institutional buying pressure.
2026-04-07 16:44:13,in_sample,1.149,-0.184,0.1719,0.0438,1.149,1.1538,-0.0048,,,,,HYPOTHESIS: 15b. CHANGE: close-position tilt alone. WHY: isolate close-position alpha.
2026-04-07 16:44:34,in_sample,1.2557,-0.1785,0.1744,0.044,1.2557,1.1538,0.1019,,,,,"HYPOTHESIS: 15c. CHANGE: inv_vol^1.5 * vol_trend, no regime. WHY: stronger low-vol concentration for maximum risk-adjusted returns."
2026-04-07 16:46:37,in_sample,1.2796,-0.1435,0.1479,0.0736,1.2796,1.1538,0.1258,,,,,"HYPOTHESIS: 16. CHANGE: EWM halflife=300 with inv_vol*vol_trend, regime. WHY: very strong position momentum to hold winners longer."
2026-04-07 16:46:47,in_sample,1.2812,-0.1435,0.1481,0.0713,1.2812,1.1538,0.1274,,,,,HYPOTHESIS: 16b. CHANGE: EWM halflife=500. WHY: maximum position momentum.
2026-04-07 16:47:12,in_sample,1.3083,-0.1367,0.1456,0.0749,1.3083,1.1538,0.1545,,,,,"HYPOTHESIS: 16c. CHANGE: vol_trend + mild_beta(0.5+0.5) + EWM300 + regime. WHY: longer EWM for WF position momentum, mild beta for DEV alpha."
2026-04-07 16:47:30,check_holdback,1.3083,-0.1367,0.1456,0.0749,1.3083,1.1538,0.1545,1.3083,1.299,0.1048,True,HYPOTHESIS: 16. HOLDBACK CHECK. vol_trend + mild_beta(0.5+0.5) + EWM300 + regime.
2026-04-07 16:47:39,walk_forward,1.3083,-0.1367,0.1456,0.0749,1.3083,1.1538,0.1545,,,,,[OOS sharpe=1.6826 excess=0.0362 decay_ratio=1.2417 folds_passed=3 pass=False] HYPOTHESIS: 16. COMMITTED: yes. WF-CHECK: #1. vol_trend + mild_beta + EWM300 + regime.
2026-04-07 16:48:38,in_sample,1.2468,-0.187,0.1791,0.048,1.2468,1.1538,0.093,,,,,"HYPOTHESIS: 17. CHANGE: conditional factors — momentum tilt only when SPY>21d MA, vol_trend always. WHY: momentum works in trends, hurts in reversals. Always fully invested."
2026-04-07 16:49:26,in_sample,1.1388,-0.1848,0.172,0.0093,1.1388,1.1538,-0.015,,,,,"HYPOTHESIS: 18. CHANGE: pure inv_vol, EWM100, no regime, no factors. WHY: minimum tracking error with low-vol anomaly. Baseline for factor contribution analysis."
2026-04-07 16:49:45,in_sample,1.268,-0.2003,0.1924,0.0434,1.2674,1.1538,0.1142,,,,,HYPOTHESIS: 18b. CHANGE: vol_trend tilt only (no inv_vol base). WHY: isolate vol_trend alpha from inv_vol.
2026-04-07 16:50:04,in_sample,1.2681,-0.2005,0.1924,0.0458,1.2672,1.1538,0.1143,,,,,HYPOTHESIS: 18c. CHANGE: vol_trend 0.3+0.7*rank (no inv_vol). WHY: stronger volume tilt.
2026-04-07 16:50:18,in_sample,1.2725,-0.2002,0.1933,0.0321,1.2722,1.1538,0.1187,,,,,HYPOTHESIS: 18d. CHANGE: raw vol_trend values (clipped 0.5-3.0). WHY: preserves magnitude information lost in ranking.
2026-04-07 16:50:31,in_sample,1.3133,-0.1567,0.1619,0.0763,1.3133,1.1538,0.1595,,,,,"HYPOTHESIS: 18e. CHANGE: raw vol_trend + regime(200d, 0.5). WHY: regime protects drawdown and adds timing alpha."
2026-04-07 16:50:52,check_holdback,1.3133,-0.1567,0.1619,0.0763,1.3133,1.1538,0.1595,1.3133,1.3391,0.1449,True,"HYPOTHESIS: 18. HOLDBACK CHECK. Raw vol_trend + regime(200d,0.5), EWM100. No inv-vol, no beta."
2026-04-07 16:51:07,walk_forward,1.3133,-0.1567,0.1619,0.0763,1.3133,1.1538,0.1595,,,,,"[OOS sharpe=1.6866 excess=0.0401 decay_ratio=1.2446 folds_passed=3 pass=False] HYPOTHESIS: 18. COMMITTED: yes. WF-CHECK: #1. Raw vol_trend + regime(200d,0.5), EWM100. No defensive tilts."
2026-04-07 16:51:56,in_sample,1.2826,-0.1447,0.1494,0.0793,1.2826,1.1538,0.1288,,,,,"HYPOTHESIS: 19. CHANGE: regime-adaptive weighting: bull=inv_vol*vol_trend, bear=vol_trend only. WHY: inv-vol helps in calm markets but drags during crisis recoveries."
2026-04-07 16:52:25,in_sample,1.2987,-0.1606,0.1622,0.0858,1.2987,1.1538,0.1449,,,,,"HYPOTHESIS: 19b. CHANGE: bull=momentum*vol_trend, bear=vol_trend. WHY: momentum in trends, vol_trend for crisis protection."
2026-04-07 16:52:55,in_sample,1.3143,-0.1569,0.1619,0.0881,1.3143,1.1538,0.1605,,,,,"HYPOTHESIS: 19c. CHANGE: pure vol_trend, EWM50, regime. WHY: faster response to volume changes for calmer markets."
2026-04-07 16:53:06,in_sample,1.3134,-0.1579,0.1618,0.1153,1.3134,1.1538,0.1596,,,,,HYPOTHESIS: 19d. CHANGE: EWM20. WHY: even faster response to vol trend changes.
2026-04-07 16:53:23,check_holdback,1.3143,-0.1569,0.1619,0.0881,1.3143,1.1538,0.1605,1.3143,1.3373,0.1431,True,"HYPOTHESIS: 19. HOLDBACK CHECK. Pure vol_trend, EWM50, regime(200d,0.5)."
2026-04-07 16:53:30,walk_forward,1.3143,-0.1569,0.1619,0.0881,1.3143,1.1538,0.1605,,,,,"[OOS sharpe=1.6838 excess=0.0374 decay_ratio=1.2426 folds_passed=3 pass=False] HYPOTHESIS: 19. COMMITTED: yes. WF-CHECK: #1. Pure vol_trend, EWM50, regime(200d,0.5)."
2026-04-07 16:54:32,in_sample,1.2427,-0.1443,0.1442,0.0769,1.2427,1.1538,0.0889,,,,,"HYPOTHESIS: 20. CHANGE: inv_idio_vol * vol_trend, EWM100, regime. WHY: reduces idiosyncratic risk without reducing market beta (Ang 2006). Vol_trend adds alpha."
2026-04-07 16:55:26,in_sample,1.0587,-0.1551,0.1215,0.0936,1.0587,1.1538,-0.0951,,,,,"H20b: vol_trend z-score tilt, EWM100, regime. Captures ABNORMAL volume changes for each stock."
2026-04-07 16:59:15,in_sample,1.1455,-0.1524,0.136,0.0646,1.1455,1.1538,-0.0083,,,,,"H20: 52-week high proximity tilt, EWM100, regime. George & Hwang 2004 — stocks near highs continue outperforming."
2026-04-07 16:59:27,in_sample,1.2956,-0.1532,0.1592,0.0889,1.2956,1.1538,0.1418,,,,,"H21: momentum acceleration (63d mom minus lagged 63d mom), ranked tilt. Captures accelerating stocks."
2026-04-07 16:59:41,in_sample,1.3049,-0.1542,0.1605,0.0915,1.3049,1.1538,0.1511,,,,,"H21b: vol_trend * accel_rank tilt, EWM100, regime. Combines institutional buying (vol_trend) with momentum acceleration."
2026-04-07 16:59:55,in_sample,1.3009,-0.1551,0.1599,0.0903,1.3009,1.1538,0.1471,,,,,"H21c: additive rank composite (vt_rank + accel_rank), EWM100, regime. DeMiguel 2009 — simple averaging more robust."
2026-04-07 17:00:14,in_sample,1.2159,-0.1848,0.162,0.0619,1.2159,1.1538,0.0621,,,,,"H21d: pure accel tilt (raw values clipped), drawdown-based regime, EWM100. Smooth regime recovers faster post-crisis."
2026-04-07 17:00:28,in_sample,1.2904,-0.1523,0.1585,0.1038,1.2904,1.1538,0.1366,,,,,"H21e: pure accel_rank strong tilt (0.1+0.9*rank), MA-regime, EWM100. Isolating acceleration alpha."
2026-04-07 17:00:39,in_sample,1.231,-0.1516,0.1497,0.0891,1.231,1.1538,0.0772,,,,,H21f: 126d momentum accel (longer horizon). Tests whether slower momentum changes are more predictive.
2026-04-07 17:00:48,in_sample,1.2356,-0.1563,0.1545,0.0831,1.2356,1.1538,0.0818,,,,,H21g: 21d momentum accel (shorter horizon). Tests faster momentum shifts.
2026-04-07 17:01:05,in_sample,1.2224,-0.1589,0.1543,0.0867,1.2224,1.1538,0.0686,,,,,H22: volume-return 63d correlation tilt. Overweight stocks where up days have high volume (Llorente et al 2002 — informed trading).
2026-04-07 17:01:38,in_sample,1.2684,-0.1574,0.1593,0.0863,1.2684,1.1538,0.1146,,,,,"H22b: volume spike frequency (>1.5x 63d avg, count over 42d). Captures institutional event intensity."
2026-04-07 17:02:08,in_sample,1.258,-0.1927,0.1891,0.2482,1.258,1.1538,0.1042,,,,,"H23: top-33% by (vt_rank+accel_rank), EW+EWM50, NO regime. Concentrated selection, fully invested."
2026-04-07 17:02:55,in_sample,1.3134,-0.1567,0.162,0.067,1.3134,1.1538,0.1596,,,,,"H24: vol_trend raw tilt, EWM500 (extreme position momentum), regime. Effectively buy-and-hold with vol_trend entry signal."
2026-04-07 17:04:17,in_sample,1.2907,-0.1564,0.1602,0.0947,1.2907,1.1538,0.1369,,,,,"H25: multi-horizon excess momentum (21d+63d+126d ranks), EWM100, regime. Captures momentum at multiple horizons."
2026-04-07 17:04:27,in_sample,1.2875,-0.1707,0.1719,0.0765,1.2875,1.1538,0.1337,,,,,"H25b: multi-horizon excess momentum, milder regime (0.7 bear), EWM100. Less regime penalty in recoveries."
2026-04-07 17:05:00,in_sample,1.3084,-0.1551,0.1611,0.0826,1.3084,1.1538,0.1546,,,,,"H25c: vol_trend primary * mild accel boost (0.5+0.5*rank), EWM100, regime. Vol_trend drives selection, accel adds directional tilt."
2026-04-07 17:05:31,in_sample,1.3108,-0.1559,0.1614,0.0778,1.3108,1.1538,0.157,,,,,"H25d: vol_trend * (0.7+0.3*accel_rank). More weight on vol_trend, less on accel."
2026-04-07 17:05:40,in_sample,1.3117,-0.1562,0.1616,0.0767,1.3117,1.1538,0.1579,,,,,H25e: vol_trend * (0.8+0.2*accel_rank). Minimal accel tilt.
2026-04-07 17:07:12,in_sample,1.3991,-0.149,0.1833,0.0776,1.3991,1.1538,0.2453,,,,,"H26: vol_trend tilt, DUAL-MA regime (bear=SPY<200d AND SPY<50d), EWM100. Faster recovery than single 200d MA."
2026-04-07 17:07:37,in_sample,1.3973,-0.1485,0.1827,0.0793,1.3973,1.1538,0.2435,,,,,"H26b: vol_trend * mild accel, dual-MA regime, EWM100. Add momentum acceleration to vol_trend base."
2026-04-07 17:07:52,in_sample,1.4217,-0.1297,0.1793,0.0966,1.4217,1.1538,0.2679,,,,,"H26c: vol_trend, dual-MA regime with 0.3 bear allocation (more aggressive protection)."
2026-04-07 17:08:02,in_sample,1.4058,-0.1349,0.1734,0.125,1.4058,1.1538,0.252,,,,,"H26d: vol_trend, dual-MA regime with 0.0 bear allocation (go fully to cash during crisis)."
2026-04-07 17:08:11,in_sample,1.4236,-0.1295,0.1773,0.106,1.4236,1.1538,0.2698,,,,,"H26e: vol_trend, dual-MA regime with 0.2 bear allocation."
2026-04-07 17:08:20,in_sample,1.4184,-0.1316,0.1754,0.1155,1.4184,1.1538,0.2646,,,,,"H26f: vol_trend, dual-MA regime with 0.1 bear allocation."
2026-04-07 17:08:29,in_sample,1.3989,-0.1736,0.1766,0.106,1.3989,1.1538,0.2451,,,,,"H26g: vol_trend, dual-MA regime (200d entry, 30d exit), 0.2 bear. Even faster recovery."
2026-04-07 17:08:39,in_sample,1.4236,-0.1295,0.1773,0.106,1.4236,1.1538,0.2698,,,,,"H26: vol_trend raw tilt, dual-MA regime (200d entry, 50d exit, 0.2 bear), EWM100. Final DEV confirmation."
2026-04-07 17:08:52,check_holdback,1.4236,-0.1295,0.1773,0.106,1.4236,1.1538,0.2698,1.4236,1.391,0.1968,True,"HYPOTHESIS: 26. HOLDBACK CHECK. vol_trend raw tilt, dual-MA regime (200d+50d, 0.2 bear), EWM100."
2026-04-07 17:09:18,walk_forward,1.4236,-0.1295,0.1773,0.106,1.4236,1.1538,0.2698,,,,,"[OOS sharpe=1.7213 excess=0.0749 decay_ratio=1.2091 folds_passed=3 pass=False] HYPOTHESIS: 26. COMMITTED: yes. WF-CHECK: #1. Vol_trend + dual-MA regime (200d+50d, 0.2 bear), EWM100."
2026-04-07 17:09:51,in_sample,1.4236,-0.1295,0.1773,0.106,1.4236,1.1538,0.2698,,,,,revert to best_holdback (H26)
2026-04-07 17:10:40,in_sample,1.4206,-0.1319,0.1774,0.111,1.4206,1.1538,0.2668,,,,,"H27: vol_trend * excess_momentum(126d) tilt, dual-MA regime, EWM100. Momentum adds alpha in calm bull markets."
2026-04-07 17:10:55,in_sample,1.4184,-0.1322,0.1766,0.1209,1.4184,1.1538,0.2646,,,,,"H27b: vol_trend * stronger 42d excess_momentum tilt (0.3+0.7*rank), dual-MA, EWM100. Shorter momentum for faster-moving markets."
2026-04-07 17:11:37,in_sample,1.3988,-0.1262,0.1737,0.1089,1.3988,1.1538,0.245,,,,,"H27c: vol_trend * large-cap tilt (dollar volume rank), dual-MA, EWM100. Mega-cap stocks outperform in WF period."
2026-04-07 17:12:27,in_sample,1.4237,-0.1296,0.1774,0.0966,1.4237,1.1538,0.2699,,,,,"H27d: pure vol_trend, EWM500 (very long position momentum), dual-MA regime. Maximizes winner-holding effect."
2026-04-07 17:12:38,in_sample,1.4239,-0.1296,0.1775,0.0957,1.4239,1.1538,0.2701,,,,,"H27e: pure vol_trend, EWM1000, dual-MA. Extreme position momentum."
2026-04-07 17:13:17,in_sample,1.4237,-0.1296,0.1774,0.0966,1.4237,1.1538,0.2699,,,,,"H28: vol_trend, dual-MA(200d+50d, 0.2), EWM500. Long-horizon position momentum — DeMiguel 2020 shows longer holding captures equity momentum premium."
2026-04-07 17:13:21,check_holdback,1.4237,-0.1296,0.1774,0.0966,1.4237,1.1538,0.2699,1.4237,1.3953,0.2011,True,HYPOTHESIS: 28. HOLDBACK CHECK. vol_trend + dual-MA + EWM500.
2026-04-07 17:13:31,walk_forward,1.4237,-0.1296,0.1774,0.0966,1.4237,1.1538,0.2699,,,,,"[OOS sharpe=1.7205 excess=0.0741 decay_ratio=1.2085 folds_passed=3 pass=False] HYPOTHESIS: 28. COMMITTED: yes. WF-CHECK: #1. Vol_trend + dual-MA(200d+50d, 0.2) + EWM500."
2026-04-07 17:14:23,in_sample,1.4237,-0.1296,0.1774,0.0966,1.4237,1.1538,0.2699,,,,,revert to best holdback (H28)
2026-04-07 17:14:32,in_sample,1.4179,-0.1307,0.1759,0.099,1.4179,1.1538,0.2641,,,,,"H29: vol_trend * trailing_sharpe(126d) tilt, dual-MA, EWM500. Quality signal adds differentiation in calm markets."
2026-04-07 17:15:01,in_sample,1.4094,-0.1304,0.1744,0.1037,1.4094,1.1538,0.2556,,,,,"H29b: vol_trend * direction boost (1.5x for up, 0.5x for down). Conditions volume trend on price direction."
2026-04-07 17:15:31,in_sample,1.4265,-0.1291,0.1778,0.0978,1.4265,1.1538,0.2727,,,,,"H29c: vol_trend * 5d_reversal tilt, dual-MA, EWM500. Buy the dip in up-trending stocks."
2026-04-07 17:15:45,in_sample,1.4278,-0.1288,0.178,0.0994,1.4278,1.1538,0.274,,,,,"H29d: vol_trend * stronger 5d_reversal (0.3+0.7*rank), dual-MA, EWM500."
2026-04-07 17:15:53,in_sample,1.4296,-0.1285,0.1782,0.1022,1.4296,1.1538,0.2758,,,,,"H29e: vol_trend * very strong reversal (0.1+0.9*rank), dual-MA, EWM500."
2026-04-07 17:16:03,in_sample,1.241,-0.1323,0.1673,0.089,1.241,1.1538,0.0872,,,,,"H29f: PURE 5d_reversal (0.1+0.9*rank), dual-MA, EWM500. Isolate reversal alpha."
2026-04-07 17:16:21,in_sample,1.4199,-0.1293,0.177,0.1105,1.4199,1.1538,0.2661,,,,,"H29g: DUAL-SPEED: 70% slow vol_trend(EWM500) + 30% fast reversal(EWM10), dual-MA. Captures both position momentum and short-term reversal."
2026-04-07 17:16:48,in_sample,1.3964,-0.134,0.175,0.1271,1.3964,1.1538,0.2426,,,,,"H30: pure 6m absolute momentum ranked tilt (0.1+0.9*rank), dual-MA regime, EWM100. Momentum works in ALL trending markets."
2026-04-07 17:17:02,check_holdback,1.3964,-0.134,0.175,0.1271,1.3964,1.1538,0.2426,1.3964,1.3803,0.1861,True,HYPOTHESIS: 30. HOLDBACK CHECK. 6m momentum rank tilt + dual-MA regime + EWM100.
2026-04-07 17:17:11,walk_forward,1.3964,-0.134,0.175,0.1271,1.3964,1.1538,0.2426,,,,,"[OOS sharpe=1.6727 excess=0.0263 decay_ratio=1.1749 folds_passed=3 pass=False] HYPOTHESIS: 30. COMMITTED: yes. WF-CHECK: #1. 6m absolute momentum rank + dual-MA(200d+50d, 0.2) + EWM100."
2026-04-07 17:17:49,in_sample,1.4237,-0.1296,0.1774,0.0966,1.4237,1.1538,0.2699,,,,,revert to best_holdback (H28 vol_trend + dual-MA)
2026-04-07 17:18:03,in_sample,1.4206,-0.1308,0.1771,0.1118,1.4206,1.1538,0.2668,,,,,"H31: vol_trend * IR(63d) tilt, dual-MA, EWM100. IR captures CONSISTENT outperformance — adapts to regime changes unlike raw momentum."
2026-04-07 17:18:27,in_sample,1.255,-0.1311,0.1687,0.1738,1.255,1.1538,0.1012,,,,,"H31b: select top 50% by vol_trend, EW+EWM100, dual-MA. Binary selection creates larger tracking error for more excess."
2026-04-07 17:20:11,in_sample,1.4064,-0.1309,0.1736,0.1217,1.4064,1.1538,0.2526,,,,,"H31c: vol_trend * stock-level trend filter (1.5x above 50d MA, 0.5x below), dual-MA, EWM100. Stock-level trend adapts to rotations."
2026-04-07 17:20:25,in_sample,1.4227,-0.1299,0.1771,0.1062,1.4227,1.1538,0.2689,,,,,"H31d: vol_trend * continuous stock trend (close/50d MA, clipped 0.85-1.15), dual-MA, EWM100. Smooth trend adaptation."
2026-04-07 17:20:56,in_sample,1.3893,-0.1178,0.1625,0.1065,1.3893,1.1538,0.2355,,,,,"H31e: vol_trend * inv_vol (Parkinson), dual-MA, EWM100. Low-vol anomaly provides structural Sharpe improvement."
2026-04-07 17:21:14,in_sample,1.4198,-0.1282,0.1766,0.112,1.4198,1.1538,0.266,,,,,"H32: vol_trend * intraday range asymmetry (up_range vs down_range), dual-MA, EWM100. Captures institutional buying pressure from high/low data."
2026-04-07 17:21:24,in_sample,1.2627,-0.1393,0.1699,0.1314,1.2627,1.1538,0.1089,,,,,"H32b: PURE range asymmetry (0.1+0.9*rank), dual-MA, EWM100. Isolate buying pressure signal."
2026-04-07 17:21:54,in_sample,1.4282,-0.132,0.1782,0.1489,1.4282,1.1538,0.2744,,,,,"H33: vol_trend STANDARDIZED tilt (constant tracking error), dual-MA, EWM100. Amplifies signal in calm markets to maintain differentiation."
2026-04-07 17:22:09,in_sample,1.4208,-0.1303,0.1769,0.1286,1.4208,1.1538,0.267,,,,,H33b: TARGET_TILT=0.3 (less amplification).
2026-04-07 17:22:16,in_sample,1.4351,-0.1337,0.1797,0.1625,1.4351,1.1538,0.2813,,,,,H33c: TARGET_TILT=0.7 (more amplification).
2026-04-07 17:22:25,in_sample,1.4429,-0.1355,0.1814,0.1753,1.4429,1.1538,0.2891,,,,,H33d: TARGET_TILT=1.0.
2026-04-07 17:22:34,in_sample,1.4508,-0.1372,0.1831,0.1868,1.4508,1.1538,0.297,,,,,H33e: TARGET_TILT=1.5.
2026-04-07 17:22:42,in_sample,1.4556,-0.1382,0.1841,0.1931,1.4556,1.1538,0.3018,,,,,H33f: TARGET_TILT=2.0.
2026-04-07 17:22:53,in_sample,1.4608,-0.1393,0.1853,0.1999,1.4608,1.1538,0.307,,,,,H33g: TARGET_TILT=3.0.
2026-04-07 17:23:01,in_sample,1.4654,-0.1404,0.1864,0.2058,1.4654,1.1538,0.3116,,,,,H33h: TARGET_TILT=5.0.
2026-04-07 17:23:20,in_sample,1.4556,-0.1382,0.1841,0.1931,1.4556,1.1538,0.3018,,,,,"H33: standardized vol_trend tilt (TARGET=2.0), dual-MA(200d+50d, 0.2), EWM100. Cross-section standardization amplifies signal in calm markets."
2026-04-07 17:23:25,check_holdback,1.4556,-0.1382,0.1841,0.1931,1.4556,1.1538,0.3018,1.4556,1.3749,0.1807,True,"HYPOTHESIS: 33. HOLDBACK CHECK. Standardized vol_trend (TARGET=2.0) + dual-MA(200d+50d, 0.2) + EWM100."
2026-04-07 17:23:35,walk_forward,1.4556,-0.1382,0.1841,0.1931,1.4556,1.1538,0.3018,,,,,[OOS sharpe=1.7489 excess=0.1025 decay_ratio=1.2015 folds_passed=3 pass=False] HYPOTHESIS: 33. COMMITTED: yes. WF-CHECK: #1. Standardized vol_trend (TARGET=2.0) + dual-MA + EWM100.
2026-04-07 17:24:51,in_sample,1.4556,-0.1382,0.1841,0.1931,1.4556,1.1538,0.3018,,,,,revert to best holdback (H33)
2026-04-07 17:25:09,in_sample,1.4111,-0.1274,0.1752,0.1141,1.4111,1.1538,0.2573,,,,,"H34: regime-adaptive factor: vol_trend in high-vol, acceleration in low-vol. Dual-MA. Each factor optimized for its regime."
2026-04-07 17:25:38,in_sample,1.4316,-0.1327,0.18,0.1806,1.4316,1.1538,0.2778,,,,,"H35: additive standardized composite (vol_trend_std + accel_std), tilt=1.0, dual-MA, EWM100. Diversifies across two independent standardized signals."
2026-04-07 17:25:51,in_sample,1.4468,-0.1359,0.1822,0.1863,1.4468,1.1538,0.293,,,,,"H35b: weighted composite (1.5*vt_std + 0.5*accel_std), tilt=1.0. More weight on vol_trend."
2026-04-07 17:26:00,in_sample,1.4526,-0.1371,0.1834,0.1926,1.4526,1.1538,0.2988,,,,,H35c: composite 2.0*vt_std + 0.5*accel_std. Vol_trend dominant.
2026-04-07 17:26:10,check_holdback,1.4526,-0.1371,0.1834,0.1926,1.4526,1.1538,0.2988,1.4526,1.3671,0.1729,True,"HYPOTHESIS: 35. HOLDBACK CHECK. Composite standardized (2.0*vt_std + 0.5*accel_std), dual-MA, EWM100."
2026-04-07 17:26:20,walk_forward,1.4526,-0.1371,0.1834,0.1926,1.4526,1.1538,0.2988,,,,,"[OOS sharpe=1.7516 excess=0.1052 decay_ratio=1.2034 folds_passed=3 pass=False] HYPOTHESIS: 35. COMMITTED: yes. WF-CHECK: #1. Composite standardized (2.0*vt_std + 0.5*accel_std), dual-MA, EWM100."
2026-04-07 17:27:25,in_sample,1.4566,-0.1381,0.1843,0.1885,1.4566,1.1538,0.3028,,,,,"H36: ASYMMETRIC standardized vol_trend (3x overweight, 0.5x underweight), dual-MA, EWM100. Bets more on winners, limits losses on wrong bets."
2026-04-07 17:27:33,check_holdback,1.4566,-0.1381,0.1843,0.1885,1.4566,1.1538,0.3028,1.4566,1.3786,0.1844,True,"HYPOTHESIS: 36. HOLDBACK CHECK. Asymmetric standardized vol_trend (3x up, 0.5x down), dual-MA, EWM100."
2026-04-07 17:27:43,walk_forward,1.4566,-0.1381,0.1843,0.1885,1.4566,1.1538,0.3028,,,,,"[OOS sharpe=1.7491 excess=0.1026 decay_ratio=1.2008 folds_passed=3 pass=False] HYPOTHESIS: 36. COMMITTED: yes. WF-CHECK: #1. Asymmetric standardized vol_trend (3x/0.5x), dual-MA, EWM100."
2026-04-07 17:28:36,in_sample,1.2726,-0.1671,0.1594,0.9166,0.9643,1.1538,0.1188,,,,,"H37: monthly-rebalanced standardized vol_trend (tilt=2.0), dual-MA regime. Reduces noise from daily signal updates."
2026-04-07 17:29:05,in_sample,1.4771,-0.1407,0.1882,0.1945,1.4771,1.1538,0.3233,,,,,"H38: asymmetric std vol_trend with wider clip (-5,5), dual-MA, EWM100. Allows more extreme positions for strongest signals."
2026-04-07 17:29:17,check_holdback,1.4771,-0.1407,0.1882,0.1945,1.4771,1.1538,0.3233,1.4771,1.396,0.2018,True,"HYPOTHESIS: 38. HOLDBACK CHECK. Asymmetric standardized vol_trend, clip(-5,5), 3x/0.5x, dual-MA, EWM100."
2026-04-07 17:29:27,walk_forward,1.4771,-0.1407,0.1882,0.1945,1.4771,1.1538,0.3233,,,,,"[OOS sharpe=1.7502 excess=0.1037 decay_ratio=1.1849 folds_passed=3 pass=False] HYPOTHESIS: 38. COMMITTED: yes. WF-CHECK: #1. Asymmetric std vol_trend, clip(-5,5), 3x/0.5x, dual-MA, EWM100."
2026-04-07 17:30:04,in_sample,1.4371,-0.1368,0.179,0.1871,1.4371,1.1538,0.2833,,,,,"H39: standardized vol_trend + standardized buy_ratio (net buying pressure), dual-MA, EWM100. Buy_ratio captures directional volume — buying vs selling."
2026-04-07 17:30:15,in_sample,1.2743,-0.1332,0.1698,0.1863,1.2743,1.1538,0.1205,,,,,"H39b: PURE standardized buy_ratio (net buying pressure), dual-MA, EWM100. Isolate buy_ratio alpha."
2026-04-07 17:30:49,in_sample,1.4193,-0.1303,0.1766,0.1379,1.4193,1.1538,0.2655,,,,,"H40: Rank-based vol_trend tilt (0.1+1.8*rank), dual-MA, EWM100. Rank standardization: more robust, naturally constant dispersion."
2026-04-07 17:31:31,in_sample,1.3937,-0.133,0.1742,0.1356,1.3937,1.1538,0.2399,,,,,"H41: VWAP trend (21d/126d vwap ratio) rank-based tilt, dual-MA, EWM100. Captures volume-weighted price accumulation."
2026-04-07 17:32:18,in_sample,1.209,-0.1302,0.1414,0.1174,1.209,1.1538,0.0552,,,,,"H42: Multi-lookback vol_trend (5/63 + 21/126 + 63/252) rank composite, dual-MA, EWM100. Captures volume trends at 3 frequencies."
2026-04-07 17:32:47,in_sample,1.3918,-0.1211,0.165,0.1184,1.3918,1.1538,0.238,,,,,"H43: Dynamic mix — vol_trend rank (high dispersion) + inv_vol rank (low dispersion), dual-MA, EWM100. Cross-sectional dispersion as regime."
2026-04-07 17:33:03,in_sample,1.4254,-0.1324,0.1782,0.1248,1.4254,1.1538,0.2716,,,,,"H44: Dynamic mix — vol_trend rank (high dispersion) + 6m momentum rank (low dispersion), dual-MA, EWM100."
2026-04-07 17:33:59,in_sample,1.3488,-0.1368,0.1635,0.185,1.3488,1.1538,0.195,,,,,"H45: Signal confidence scaling — vol_trend spread determines tilt aggressiveness (0.5x→3x). Standardized vol_trend, dual-MA, EWM100."
2026-04-07 17:34:52,in_sample,1.4264,-0.1593,0.1846,0.5593,1.2968,1.1538,0.2726,,,,,"H46: Top 20% vol_trend selection, equal weight, dual-MA regime, EWM21 smoothing. Concentrated approach."
2026-04-07 17:35:02,in_sample,1.4992,-0.1456,0.1932,0.1882,1.4992,1.1538,0.3454,,,,,"H46b: Top 20% vol_trend selection, equal weight, dual-MA regime, EWM200 smoothing."
2026-04-07 17:35:11,check_holdback,1.4992,-0.1456,0.1932,0.1882,1.4992,1.1538,0.3454,1.4992,1.42,0.2258,True,"H46b: Top 20% vol_trend selection, equal weight, dual-MA regime, EWM200 smoothing."
2026-04-07 17:35:18,walk_forward,1.4992,-0.1456,0.1932,0.1882,1.4992,1.1538,0.3454,,,,,"[OOS sharpe=1.7629 excess=0.1164 decay_ratio=1.1759 folds_passed=3 pass=False] H46b: Top 20% vol_trend selection, equal weight, dual-MA regime, EWM200 smoothing."
2026-04-07 17:36:01,in_sample,1.4551,-0.1388,0.1848,0.1731,1.4551,1.1538,0.3013,,,,,"H46c: Top 30% vol_trend selection, equal weight, dual-MA regime, EWM200 smoothing."
2026-04-07 17:36:20,in_sample,1.4862,-0.174,0.2139,0.1981,1.4862,1.1538,0.3324,,,,,"H47: Top 20% composite (vol_trend rank + 6m momentum rank)/2 selection, equal weight, dual-MA, EWM200."
2026-04-07 17:36:29,check_holdback,1.4862,-0.174,0.2139,0.1981,1.4862,1.1538,0.3324,1.4862,1.3636,0.1694,True,"H47: Top 20% composite (vol_trend rank + 6m momentum rank)/2 selection, equal weight, dual-MA, EWM200."
2026-04-07 17:36:34,walk_forward,1.4862,-0.174,0.2139,0.1981,1.4862,1.1538,0.3324,,,,,"[OOS sharpe=1.66 excess=0.0136 decay_ratio=1.1073 folds_passed=3 pass=False] H47: Top 20% composite (vol_trend rank + 6m momentum rank)/2 selection, equal weight, dual-MA, EWM200."
2026-04-07 17:37:07,in_sample,1.473,-0.1476,0.1897,0.3476,1.4492,1.1538,0.3192,,,,,"H46d: Top 20% vol_trend, equal weight, dual-MA, EWM50. Faster adaptation."
2026-04-07 17:37:15,in_sample,1.4898,-0.1455,0.1918,0.2439,1.4898,1.1538,0.336,,,,,"H46e: Top 20% vol_trend, equal weight, dual-MA, EWM100."
2026-04-07 17:37:33,in_sample,1.5107,-0.148,0.1957,0.2453,1.5107,1.1538,0.3569,,,,,"H48: Top 20% vol_trend selection, vol_trend-proportional weight within selected, dual-MA, EWM100."
2026-04-07 17:37:40,check_holdback,1.5107,-0.148,0.1957,0.2453,1.5107,1.1538,0.3569,1.5107,1.4137,0.2195,True,"H48: Top 20% vol_trend selection, vol_trend-proportional weight within selected, dual-MA, EWM100."
2026-04-07 17:37:46,walk_forward,1.5107,-0.148,0.1957,0.2453,1.5107,1.1538,0.3569,,,,,"[OOS sharpe=1.7514 excess=0.105 decay_ratio=1.1593 folds_passed=3 pass=False] H48: Top 20% vol_trend selection, vol_trend-proportional weight within selected, dual-MA, EWM100."
2026-04-07 17:38:14,in_sample,1.2901,-0.1495,0.1594,0.1764,1.2901,1.1538,0.1363,,,,,"H49: Top 20% vol_trend (42d/252d), equal weight, dual-MA, EWM200. Longer lookback for less noise."
2026-04-07 17:38:23,in_sample,1.2602,-0.1502,0.1543,0.1752,1.2602,1.1538,0.1064,,,,,"H49b: Top 20% vol_trend (21d/252d), equal weight, dual-MA, EWM200."
2026-04-07 17:38:57,in_sample,1.2313,-0.1283,0.1646,0.1885,1.2313,1.1538,0.0775,,,,,"H50: Top 20% Sortino ratio (63d) selection, equal weight, dual-MA regime, EWM200. Quality/asymmetric risk signal."
2026-04-07 17:39:09,in_sample,1.5106,-0.1662,0.2045,0.2065,1.5106,1.1538,0.3568,,,,,"H51: Top 20% composite (vol_trend rank + up/down vol ratio rank)/2, equal weight, dual-MA, EWM200."
2026-04-07 17:39:21,in_sample,1.4975,-0.1436,0.1924,0.1743,1.4975,1.1538,0.3437,,,,,"H51b: Top 20% PURE upside/downside vol ratio, equal weight, dual-MA, EWM200."
2026-04-07 17:39:37,check_holdback,1.5106,-0.1662,0.2045,0.2065,1.5106,1.1538,0.3568,1.5106,1.4903,0.2961,True,"H51: Top 20% composite (vol_trend rank + up/down vol ratio rank)/2, equal weight, dual-MA, EWM200."
2026-04-07 17:39:44,walk_forward,1.5106,-0.1662,0.2045,0.2065,1.5106,1.1538,0.3568,,,,,"[OOS sharpe=1.6782 excess=0.0318 decay_ratio=1.1109 folds_passed=3 pass=False] H51: Top 20% composite (vol_trend rank + up/down vol ratio rank)/2, equal weight, dual-MA, EWM200."
2026-04-07 17:40:28,in_sample,1.3251,-0.0813,0.1219,0.1235,1.3251,1.1538,0.1713,,,,,"H52: Top 20% lowest volatility selection, equal weight, dual-MA regime, EWM200. Pure low-vol factor."
2026-04-07 17:40:46,in_sample,1.336,-0.0946,0.1244,0.1891,1.336,1.1538,0.1822,,,,,"H53: Top 20% composite (vol_trend rank + inv_vol rank)/2, equal weight, dual-MA, EWM200. Vol flows + quality."
2026-04-07 17:42:37,in_sample,1.2391,-0.1557,0.1682,0.191,1.2391,1.1538,0.0853,,,,,"H54: Top 20% vol_trend (21d/63d), equal weight, dual-MA, EWM200. Shorter denominator."
2026-04-07 17:43:24,in_sample,1.3117,-0.1373,0.1822,0.1418,1.3117,1.1538,0.1579,,,,,"H55: Top 20% vol_trend selection, trend-efficiency-weighted, dual-MA, EWM200. Smooth trends > choppy trades."
2026-04-07 17:44:11,in_sample,1.2208,-0.191,0.159,1.1812,0.7802,1.1538,0.067,,,,,"H56: Top 20% vol_trend, MONTHLY rebalance, equal weight, dual-MA."
2026-04-07 17:44:36,in_sample,1.5413,-0.1499,0.2009,0.1966,1.5413,1.1538,0.3875,,,,,"H57: Top 15% vol_trend, equal weight, dual-MA, EWM200. More concentrated."
2026-04-07 17:44:45,in_sample,1.5724,-0.1584,0.2096,0.2053,1.5724,1.1538,0.4186,,,,,"H57b: Top 10% vol_trend, equal weight, dual-MA, EWM200. Even more concentrated."
2026-04-07 17:44:53,in_sample,1.5945,-0.169,0.2207,0.2175,1.5945,1.1538,0.4407,,,,,"H57c: Top 5% vol_trend, equal weight, dual-MA, EWM200. Maximum concentration."
2026-04-07 17:45:04,check_holdback,1.5724,-0.1584,0.2096,0.2053,1.5724,1.1538,0.4186,1.5724,1.4725,0.2783,True,"H57b: Top 10% vol_trend, equal weight, dual-MA, EWM200."
2026-04-07 17:45:11,walk_forward,1.5724,-0.1584,0.2096,0.2053,1.5724,1.1538,0.4186,,,,,"[OOS sharpe=1.7803 excess=0.1339 decay_ratio=1.1322 folds_passed=3 pass=False] H57b: Top 10% vol_trend, equal weight, dual-MA, EWM200."
2026-04-07 17:45:31,check_holdback,1.5945,-0.169,0.2207,0.2175,1.5945,1.1538,0.4407,1.5945,1.514,0.3198,True,"H57c: Top 5% vol_trend, equal weight, dual-MA, EWM200."
2026-04-07 17:45:36,walk_forward,1.5945,-0.169,0.2207,0.2175,1.5945,1.1538,0.4407,,,,,"[OOS sharpe=1.7646 excess=0.1181 decay_ratio=1.1067 folds_passed=3 pass=False] H57c: Top 5% vol_trend, equal weight, dual-MA, EWM200."
2026-04-07 17:45:52,in_sample,1.5844,-0.1624,0.2138,0.2098,1.5844,1.1538,0.4306,,,,,"H57d: Top 8% vol_trend, equal weight, dual-MA, EWM200."
2026-04-07 17:46:06,in_sample,1.5607,-0.1559,0.2062,0.2019,1.5607,1.1538,0.4069,,,,,"H57e: Top 12% vol_trend, equal weight, dual-MA, EWM200."
2026-04-07 17:46:20,in_sample,1.5721,-0.1581,0.2094,0.2271,1.5721,1.1538,0.4183,,,,,"H58: Top 10% vol_trend, equal weight, dual-MA, EWM150."
2026-04-07 17:46:30,in_sample,1.5713,-0.1588,0.2097,0.1844,1.5713,1.1538,0.4175,,,,,"H58b: Top 10% vol_trend, equal weight, dual-MA, EWM300."
2026-04-07 17:46:54,check_holdback,1.57,-0.1578,0.209,0.2708,1.57,1.1538,0.4162,1.57,1.454,0.2598,True,"H58c: Top 10% vol_trend, equal weight, dual-MA, EWM100."
2026-04-07 17:46:59,walk_forward,1.57,-0.1578,0.209,0.2708,1.57,1.1538,0.4162,,,,,"[OOS sharpe=1.7692 excess=0.1228 decay_ratio=1.1096 folds_passed=3 pass=False] H58c: Top 10% vol_trend, equal weight, dual-MA, EWM100."
2026-04-07 17:47:29,in_sample,1.5659,-0.1657,0.2173,0.2035,1.5659,1.1538,0.4121,,,,,"H59: Top 10% vol_trend (signal smoothed EWM21), equal weight, dual-MA, EWM200. Reduce selection noise."
2026-04-07 17:47:37,check_holdback,1.5659,-0.1657,0.2173,0.2035,1.5659,1.1538,0.4121,1.5659,1.4896,0.2954,True,"H59: Top 10% vol_trend (signal smoothed EWM21), equal weight, dual-MA, EWM200."
2026-04-07 17:47:41,walk_forward,1.5659,-0.1657,0.2173,0.2035,1.5659,1.1538,0.4121,,,,,"[OOS sharpe=1.8087 excess=0.1622 decay_ratio=1.1343 folds_passed=3 pass=True] H59: Top 10% vol_trend (signal smoothed EWM21), equal weight, dual-MA, EWM200."
2026-04-07 17:47:55,holdout,0.792,-0.2179,0.1056,0.2421,0.7562,0.7093,0.0827,,,,,"H59: Top 10% vol_trend (signal smoothed EWM21), equal weight, dual-MA, EWM200. FINAL HOLDOUT."
